,Time,events,censored,at_risk,surv
0,0,0,0,22,1.0
1,1,2,0,22,0.9090909090909091
2,2,1,0,20,0.8636363636363635
3,3,2,0,19,0.7727272727272726
4,4,2,0,17,0.6818181818181817
5,5,2,0,15,0.5909090909090908
6,6,1,0,13,0.5454545454545454
7,8,3,0,12,0.40909090909090906
8,11,2,0,9,0.3181818181818182
9,12,2,0,7,0.22727272727272727
10,17,2,0,5,0.13636363636363635
11,22,1,0,3,0.09090909090909091
12,23,1,0,2,0.045454545454545456
13,25,1,0,1,0.0
